{"cameraMode":{"drawMode":0,"name":"Shaded","section":"Shading Mode"},"sceneLighting":true,"audioPlay":false,"sceneViewState":{"showFog":true,"showMaterialUpdate":false,"showSkybox":true,"showFlares":true,"showImageEffects":true,"showParticleSystems":true},"in2DMode":false,"pivot":{"x":-1.7761144638061524,"y":6.274322032928467,"z":-1.3424968719482422},"rotation":{"x":-0.14508585631847382,"y":-0.46543088555336,"z":0.07764796167612076,"w":-0.869652271270752},"size":58.71208953857422,"orthographic":false}