{"cameraMode":{"drawMode":0,"name":"Shaded","section":"Shading Mode"},"sceneLighting":true,"audioPlay":false,"sceneViewState":{"showFog":true,"showMaterialUpdate":false,"showSkybox":true,"showFlares":true,"showImageEffects":true,"showParticleSystems":true},"in2DMode":false,"pivot":{"x":-1.2751535177230836,"y":2.8063406944274904,"z":-0.19120311737060548},"rotation":{"x":0.2908523678779602,"y":-0.020953580737113954,"z":-0.00637226365506649,"w":-0.9565172791481018},"size":14.858139038085938,"orthographic":false}